id,firstname,lastname,country,email2,salary
100,Eugine,Warthman,Bouvet Island,Eugine.Warthman@gmail.com,27534
101,Maud,Gunn,Pakistan,Maud.Gunn@gmail.com,6536
102,Raf,Diann,Serbia and Montenegro,Raf.Diann@gmail.com,44357
103,Emma,Garek,"Virgin Islands, British",Emma.Garek@gmail.com,53156
104,Candy,Howlyn,Jersey,Candy.Howlyn@gmail.com,30523
105,Goldie,McClimans,Gibraltar,Goldie.McClimans@gmail.com,77128
106,Esmeralda,Leler,Yemen,Esmeralda.Leler@gmail.com,70771
107,Xylina,Jotham,Saint Vincent and the Grenadines,Xylina.Jotham@gmail.com,54875
108,Neila,Thad,Argentina,Neila.Thad@gmail.com,88471
109,Sarette,Marlie,American Samoa,Sarette.Marlie@gmail.com,89617
110,Cordi,Francene,Namibia,Cordi.Francene@gmail.com,94203
111,Kaja,Iiette,Switzerland,Kaja.Iiette@gmail.com,24451
112,Raf,Leopold,Sweden,Raf.Leopold@gmail.com,8110
113,Roxane,Linehan,Angola,Roxane.Linehan@gmail.com,37670
114,Etta,Lilybelle,Sudan,Etta.Lilybelle@gmail.com,24671
115,Ayn,Janith,RWANDA,Ayn.Janith@gmail.com,79616
116,Kate,August,Namibia,Kate.August@gmail.com,79038
117,Joeann,Kermit,Åland Islands,Joeann.Kermit@gmail.com,46380
118,Kore,Henebry,Honduras,Kore.Henebry@gmail.com,75897
119,Modestia,Reidar,Mali,Modestia.Reidar@gmail.com,69359
120,Lesly,Tryck,Luxembourg,Lesly.Tryck@gmail.com,39060
121,Petronia,Fontana,Trinidad and Tobago,Petronia.Fontana@gmail.com,3705
122,Consuela,Plato,Myanmar,Consuela.Plato@gmail.com,18134
123,Agathe,Ezar,Russian Federation,Agathe.Ezar@gmail.com,3328
124,Nelle,Rosette,Costa Rica,Nelle.Rosette@gmail.com,72847
125,Marita,Tjon,Northern Mariana Islands,Marita.Tjon@gmail.com,9790
126,Winifred,Juan,Tonga,Winifred.Juan@gmail.com,60150
127,Emelina,Dannye,India,Emelina.Dannye@gmail.com,97355
128,Sheree,Ries,Thailand,Sheree.Ries@gmail.com,90808
129,Michaelina,Ophelia,Iraq,Michaelina.Ophelia@gmail.com,56109
130,Nonnah,Pearse,Uruguay,Nonnah.Pearse@gmail.com,85041
131,Nessie,Constancy,Dominican Republic,Nessie.Constancy@gmail.com,44331
132,Dorice,Richers,Mauritania,Dorice.Richers@gmail.com,63040
133,Dari,Kunin,Marshall Islands,Dari.Kunin@gmail.com,21926
134,Giustina,Grosz,Gambia,Giustina.Grosz@gmail.com,47030
135,Coral,Albertine,Kyrgyzstan,Coral.Albertine@gmail.com,33811
136,Sandie,Morehouse,"Palestinian Territory, Occupied",Sandie.Morehouse@gmail.com,11430
137,Katuscha,Stacy,Sri Lanka,Katuscha.Stacy@gmail.com,84469
138,Alex,Therine,Russian Federation,Alex.Therine@gmail.com,90407
139,Trixi,Ethban,Yemen,Trixi.Ethban@gmail.com,7361
140,Margarette,O'Rourke,Sao Tome and Principe,Margarette.O'Rourke@gmail.com,25965
141,Selia,Oscar,Saudi Arabia,Selia.Oscar@gmail.com,16337
142,Dorene,Gert,Lesotho,Dorene.Gert@gmail.com,70269
143,Queenie,Lesley,Saint Helena,Queenie.Lesley@gmail.com,54807
144,Joelly,Zenas,Martinique,Joelly.Zenas@gmail.com,99410
145,Selma,Reinke,Venezuela,Selma.Reinke@gmail.com,16203
146,Lacie,Greyson,Azerbaijan,Lacie.Greyson@gmail.com,65145
147,Veda,Fadiman,Thailand,Veda.Fadiman@gmail.com,14589
