id,firstname,lastname,email,email2,salary
100,Gilligan,Pozzy,Gilligan.Pozzy@yopmail.com,Gilligan.Pozzy@gmail.com,34686
101,Olivette,Valoniah,Olivette.Valoniah@yopmail.com,Olivette.Valoniah@gmail.com,42323
102,Gusella,Craggie,Gusella.Craggie@yopmail.com,Gusella.Craggie@gmail.com,5132
103,Margalo,Kamaria,Margalo.Kamaria@yopmail.com,Margalo.Kamaria@gmail.com,60837
104,Vivia,Auberbach,Vivia.Auberbach@yopmail.com,Vivia.Auberbach@gmail.com,70048
105,Florencia,Saint,Florencia.Saint@yopmail.com,Florencia.Saint@gmail.com,67070
106,Annecorinne,Kelula,Annecorinne.Kelula@yopmail.com,Annecorinne.Kelula@gmail.com,27544
107,Anica,Wenoa,Anica.Wenoa@yopmail.com,Anica.Wenoa@gmail.com,46874
108,Estell,Zaslow,Estell.Zaslow@yopmail.com,Estell.Zaslow@gmail.com,3420
109,Mellicent,Demitria,Mellicent.Demitria@yopmail.com,Mellicent.Demitria@gmail.com,14237
110,Ericka,Randene,Ericka.Randene@yopmail.com,Ericka.Randene@gmail.com,97664
